Company/Brand,Founded,HeadQuarter,Sector,What it does,Founders,Investor,Amount($),Stage
Bombay Shaving,0.0,Unknown,Ecommerce,Provides a range of male grooming products,Shantanu Deshpande,Sixth Sense Ventures,6300000.0,Not Available
Ruangguru,2014.0,Mumbai,Edtech,"A learning platform that provides topic-based journey, animated videos, quizzes, infographic and mock tests to students","Adamas Belva Syah Devara, Iman Usman.",General Atlantic,150000000.0,Series C
Eduisfun,0.0,Mumbai,Edtech,It aims to make learning fun via games.,Jatin Solanki,"Deepak Parekh, Amitabh Bachchan, Piyush Pandey",28000000.0,Fresh funding
HomeLane,2014.0,Chennai,Interior design,Provides interior designing solutions,"Srikanth Iyer, Rama Harinath","Evolvence India Fund (EIF), Pidilite Group, FJ Labs",30000000.0,Series D
Nu Genes,2004.0,Telangana,AgriTech,"It is a seed company engaged in production, processing and marketing of seeds",Narayana Reddy Punyala,Innovation in Food and Agriculture (IFA),6000000.0,Not Available
Kratikal,2013.0,Noida,Technology,It is a product-based cybersecurity solutions provider,"Pavan Kushwaha, Paratosh Bansal, Dip Jung Thapa","Gilda VC, Art Venture, Rajeev Chitrabhanu.",1000000.0,Pre series A
Quantiphi,0.0,Unknown,AI & Tech,It is an AI and big data services company providing business solutions.,Renuka Ramnath,Multiples Alternate Asset Management,20000000.0,Series A
Lenskart,2010.0,Delhi,E-commerce,It is a eyewear company,"Peyush Bansal, Amit Chaudhary, Sumeet Kapahi",SoftBank,275000000.0,Series G
Appnomic,0.0,Bangalore,SaaS,"It is a self-healing enterprise, the IT operations software detects, predicts and prevents problems before they happen",D Padmanabhan,Avataar Ventures,22000000.0,Not Available
Kaleidofin,2018.0,Chennai,Fintech,Platform that provides complete financial solutions for excluded individuals and households,"Puneet Gupta, Sucharita Mukherjee",Oikocredit,5000000.0,Series A
JobSquare,2019.0,Ahmedabad,HR tech,Technology-based platform that is connecting suitable applicants to the right recruiters,Ishit Jethwa,Titan Capital,140500.0,Not Available
LivFin,2017.0,Delhi,Fintech,"Grants small business loans, supply chain finance and working capital loans to small and medium enterprises",Rakesh Malhotra,German development finance institution DEG,5000000.0,Not Available
Byju's,2011.0,Unknown,Edtech,Provides online learning classes,Byju Raveendran,"South Africa’s Naspers Ventures, the CPP Investment Board",540000000.0,Not Available
Zest Money,2015.0,Bangalore,Fintech,Uses AI to do risk profiling of e-commerce consumers who opt for EMI,"Chapman, Priya Sharma, Ashish Anantharaman",Goldman Sachs.,15000000.0,Series B
Witblox,2014.0,Unknown,Edtech,Offers a range of robotics learning tools,Amit Modi,Mumbai Angels Network,182700.0,Not Available
SalaryFits,2015.0,Unknown,Fintech,A platform that promotes financial well-being of employees at workplace,Renato Araujo,Brazilian VC Fund Confrapar,5000000.0,Not Available
Pristyn Care,2018.0,Unknown,Healthcare,Delivers advanced medical care & clinical excellence aided by next-level technology,"Harsimarbir Singh, Dr Vaibhav Kapoor, Dr Garima Sawhney","Sequoia India, Hummingbird Ventures, Greenoaks Capital, AngelList.",12000000.0,Series B
Springboard,2013.0,Unknown,Edtech,Offers online courses and extensive mentor-based learning,"Gautam Tambay, Parul Gupta",Reach Capital,11000000.0,Post series A
Medlife,2014.0,Bangalore,Pharmaceutical,It solves inadequacies in the healthcare delivery system through technology,"Tushar Kumar, Prashant Singh",Wilson Global Opportunities Fund,15500000.0,Not Available
Seekify,2019.0,Delhi,SaaS,Customer Experience (CX) Automation platform,"Arihant Jain, Ajeet Kushwaha",Sequoia Capita,1500000.0,Seed funding
Toffee Insurance,2017.0,Haryana,Insurance technology,Provides variety of insurance plans and policies,"Nishant Jain, Rohan Kumar",IVM Intersurer,5500000.0,Series A
Fireflies .ai,0.0,Unknown,AI,Developer of an artificial intelligence-powered assistant for businesses,Sam Udotong,Canaan Partners,5000000.0,Not Available
HungerBox,2015.0,Bangalore,Foodtech,"Offers B2B tech platform to corporates, aimed at improving the operations of their cafeterias","Sandipan Mitra, Uttam Kumar","Paytm, Asian VC fund NPTK, Sabre Partners, Neoplux.",12000000.0,Series C
Bijak,2019.0,Unknown,AgriTech,B2B platform for agricultural commodities.,"Nukul Upadhye, Mahesh Jakhotia, Jitender Bedwal, Daya Rai, Nikhil Tripathi","Omnivore and Omidyar Network India, Sequoia Capital",2500000.0,Seed fund
Licious,0.0,Bangalore,Food,Online meat shop,"Vivek Gupta, Abhay Hanjura",Vertex Growth Fund,30000000.0,Series E
truMe,0.0,Unknown,IoT,A global platform for Identity and Access Management,"Babu Dayal, Pramod Uniyal, Lalit Mehta",Rajan Kaistha,140000.0,Not Available
Asteria Aerospace,2011.0,Bangalore,Robotics & AI,"Develops drones that are used by the military, paramilitary, police forces and in various industries.","Neel Mehta, Nihar Vartak",Reliance Industries,230000000.0,Not Available
Rivigo,2014.0,Unknown,Logistics,"It offers delivery services across India to retail, e-commerce, pharmaceutical, automobile and FMCG companies","Deepak Garg, Gazal Kalra","SAIF Partners India VI Ltd, Spring Canter Investment Ltd",20000000.0,Series F
HappyEasyGo,2017.0,Gurugram,Travel,Online flight booking,"Vivek Prabhakar, Boris Zha","Korea Investment Partners (KIP), Samsung Venture Investment Corporation (SVIC), UOB Venture, 10 Fund, CVCapital, Zero2IPO Ventures, M&S Partners",49400000.0,Series B+
Zetwerk,2018.0,Bangalore,Manufacturing,Provides facilities to get products manufactured.,"Amit Acharya, Srinath Ramakkrushnan","Lightspeed and Greenoaks Capital, Sequoia India, Accel and Kae Capital",32000000.0,Series B
Observe.AI,0.0,Bangalore,AI,Creates a voice AI platform,Swapnil,Scale Venture Partners,26000000.0,Series A
Freshokartz,2016.0,Jaipur,E-marketplace,Online fruits and vegetables delivery company,Rajendra Lora,ThinkLab,150000.0,Pre series A
Lil’ Goodness and sCool meal,0.0,Bangalore,Food & Nutrition,It empowers moms to provide the best of foods to their Lil' ones,Not Available,"Sajan Pillai, Muthu Krishnan,",400000.0,Not Available
Trell,2016.0,Bangalore,Social Media,Blogging platform that enables people to create visual collections of their travel and local experiences,"Pulkit Agrawal, Prashant Sachan, Arun Lodhi, Bimal Kartheek Rebba","Ruizheng Investment, Tej Kapoor, Krinshavataram Venkata Vinjamuri, Harsh Shah",2000000.0,Pre series A
VMate,0.0,Unknown,Not Available,A short video platform,Not Available,Alibaba,100000000.0,Not Available
Bombay Shirt Company,2012.0,Mumbai,E-commerce,Online custom shirt brand,Akshay Narvekar,Lightbox Ventures,8000000.0,Not Available
Slintel,2016.0,Unknown,SaaS,"It helps sales and marketing teams understand purchase intent of buyers on buying patterns, usage and renewals",Deepak Anchala,Stellaris Ventures,1500000.0,Not Available
MyGameMate,0.0,Bangalore,E-Sports,eSports platform where players can access various multiplayer mobile games to participate in online tournaments,Parshavv Jain& Raju Kushwaha,"Jindagi Live Angels,",100000.0,Not Available
Rein Games,0.0,Noida,Technology,"It develops, publishes and distributes games across various platforms","Vaibhav Gupta, Himanshu Devra, Pranav Chaudhary, Nishtha Gupta","Manipal Education and Medical Group (MEMG) family office, Titan Capital",50000000.0,Pre series A
Ecozen,0.0,Pune,AgriTech,It develops technology-enabled products to strengthen the farm-to-fork value chain of perishables.,"Devendra Gupta, Prateek Singhal, Vivek Pandey",Innovation in Food & Agriculture Fund (IFA Fund),6000000.0,Series A
Box8,2011.0,Mumbai,Foodtech,Enables to order food online,"Amit Raj, Anshul Gupta",Trifecta Capital,120000000.0,Not Available
Awign Enterprises,2016.0,Bangalore,Not Available,It supplies workforce to the economy,"Annanya Sarthak, Gurpreet Singh, Praveen Sah","Work10M, Michael and Susan Dell Foundation, Eagle10, Unitus Ventures.",4000000.0,Series A
Purplle,2012.0,Mumbai,Cosmetics,Online makeup and beauty products retailer,"Manish Taneja, Rahul Dash",Goldman Sachs,30000000.0,Series C
Freightwalla,2017.0,Mumbai,B2B,Provides digital platform for businesses to plan and manage their international freight shipments online,"Sanjay Bhatia, Bharat Tanvi, Punit Java","Amplo, FJ Labs, Rogue One Capital",4000000.0,Series A
TapChief,2016.0,Bangalore,Not Available,It connects individuals in need of advice in a specific domain to individuals who have expertise in the same,"Shashank Murali, Binay Krishna, Arjun Krishna",Blume Ventures.,1500000.0,Pre series A
eJOHRI,2015.0,Mumbai,Jewellery,Omnichannel marketplace for gems and jewellery,"Jignesh Mehta, Shailen Mehta",Rajesh Ranavat,1000000.0,Pre series A
KredX,0.0,Bangalore,Not Available,Invoice discounting platform,Manish Kumar,Tiger Global Management,26000000.0,Series B
m.Paani,0.0,Mumbai,Not Available,It digitizes and organises local retailers,Akanksha Hazari,"AC Ventures, Henkel",5500000.0,Series A
Origo,2010.0,Gurugram,AgriTech,It provides post-harvest management services for agricultural commodities,"Mayank Dhanuka, Sunoor Kaul","Oikocredit, Caspian SME Impact Fund IV,  Triodos Investment Management",6800000.0,Not Available
WishADish,0.0,Delhi,Food & tech,Provides management solution for restaurants,"Sawan Kumar, Bhavya Bhambhani",Undisclosed,6000000.0,Not Available
Ecom Express,2012.0,Gurugram,Logistics,It is a technology enabled logistics solutions provider to the Indian e-commerce industry,"Krishnan, Manju Dhawan, K Satyanarayana, Sanjeev Saxena",CDC Group,36000000.0,Not Available
Stanza Living,2017.0,Delhi,Accomodation,Provides comfortable and secure accomodation for students,"Sandeep Dalmia, Anindya Dutta",Alteria Capital,5700000.0,Not Available
PiBeam,0.0,Chennai,Automotive tech,It is engaged in building sustainable and affordable micro-mobility electric vehicles,Visakh Sasikumar,GAIL (India) Ltd,50000000.0,Not Available
Euler Motors,0.0,Delhi,Automotive tech,It is offering mobility as a service,Saurav Kumar,"Blume Ventures, Emergent Ventures",2000000.0,Not Available
Moms Co,0.0,New Delhi,E-commerce,It is into mother and baby care-focused consumer goods,Malika Sadani,"Saama Capital, DSG Consumer Partners",5000000.0,Series B
Lawyered,2015.0,Delhi,Legal tech,It helps to connect to legal advise online,"Ashish Bhatia, Himanshu Gupta","Pramendra Tomar, Ratish Pandey, Munish Bhatia, Sumit Aggarwal",100000.0,Not Available
Cuemath,2013.0,Bangalore,Edtech,It helps students to learn math online,Manan Khurma,"Manta Ray Ventures Limited, Google’s Capital G, Sequoia India.",5500000.0,Not Available
Licious,2015.0,Bangalore,Food,Online meat shop,"Vivek Gupta, Abhay Hanjura",Vertex Ventures,25000000.0,Series D
Nivesh.com,2016.0,Noida,Mutual Funds,The platform simplifies the process of investment,"Anurag Garg, Sridhar Srinivasan",Windrose Capital,600000.0,Not Available
Zebu,2015.0,Unknown,Cybersecurity,"Platform uses encryption technology to allow businesses to safely store files, invoices, and schedules",Team of Waterloo-based software developers,Undisclosed,4000000.0,Seed round
Smart Institute,0.0,Surat,Edtech,A platform to learn online,Not Available,HNI investors,1500000.0,Not Available
CarDekho,2008.0,Jaipur,Automobile,Enables people to buy and sell new/old cars.,Amit Jain,"Ping An Global Voyager Fund, Hillhouse Capital, Sequoia Capital",70000000.0,Series D
Shadowfax,2015.0,Bangalore,Logistics,A platform for delivery services,"Abhishek Bansal, Vaibhav Khandelwal","Flipkart, Eight Roads Ventures, NGP Capital, Qualcomm Ventures, Mirae Asset Naver Fund, World Bank-backed IFC",60000000.0,Series D
Credr,2014.0,Mumbai,Automobile,A marketplace to buy and sell used bikes and scooters,Mittal,"Omidyar Network, Eight Roads Ventures, GrowthStory, AngelList",6000000.0,Not Available
Phable,2018.0,Unknown,Healthtech,"It creates an engagement loop between doctors, hospitals, and patients via its app",Sumit Sinha,"LetsVenture, 91 Springboard, IKP Knowledge, Angel investors, AbInbev-Serge DeVos, Wouter Peeters.",220000.0,Not Available
Sarva,0.0,Chennai,Yoga & wellness,It drives a cultural change in making yoga-based wellness a part of modern lifestyle,Sarvesh Shashi,"Venture fund, Fireside Ventures.",2800000.0,Not Available
IndyFint,2019.0,Bangalore,Virtual Banking,"It helps lenders to directly provide short-term loans to merchants, employees, and students",Paddy Padmanabhan,Saravanan Adiseshan,2100000.0,Series A
Zolostays,2015.0,Unknown,Accomodation,It offers affordable housing apartments to young professionals and students,"Akhil Sikri, Nikhil Sikri, Sneha Choudhry",Trifecta Capital,7000000.0,Not Available
Ola,2010.0,Bangalore,Transportation,It enables one to book cab online,"Bhavish Aggarwal, Ankit Bhati","Kia Motors, Hyundai",311000000.0,Not Available
Zoomcar,2013.0,Bangalore,Transport & Rentals,A car rental service platform,"Greg Moran, David Back",Zoomcar Inc,4800000.0,Not Available
Kratikal,0.0,Uttar pradesh,Technology,Provides cyber security solutions,Pavan Kushwaha,"Gilda VC, Art Venture, Rajeev Chitrabhanu",1000000.0,Pre-series A
Froogal,0.0,Hyderabad,Marketing & Customer loyalty,A cloud based Customer Loyalty & Engagement Platform,"Jeevan Chowdary M, Harshit Harchani",US-based angel investors,1000000.0,Pre series A
Infra.Market,0.0,Mumbai,Infratech,"It connects client requirements to their supply chain infrastructure for ease of ordering, tracking and manufacturing","Aaditya Sharda, Souvik Sengupta","Tiger Global, Nexus Venture Partners, Accel Partners, Dhruv Agarwala",20000000.0,Series A
Oyo,2013.0,Gurugram,Hospitality,Provides rooms for comfortable stay,Ritesh Agarwal,"MyPreferred Transformation, Avendus Finance, SoftBank",693000000.0,Not Available
GoMechanic,2016.0,Delhi,Automobile & Technology,Find automobile repair and maintenance service providers,"Amit Bhasin, Kushal Karwa, Nitin Rana, Rishabh Karwa",Sequoia Capital,5000000.0,Series B
Spinny,2015.0,Delhi,Automobile,Online car retailer,"Niraj Singh, Ramanshu Mahaur, Ganesh Pawar, Mohit Gupta","Norwest Venture Partners, General Catalyst, Fundamentum, Accel Partners",50000000.0,Not Available
Ess Kay Fincorp,0.0,Rajasthan,Banking,Organised Non-Banking Finance Company,Rajendra Setia,"TPG, Norwest Venture Partners, Evolvence India",33000000.0,Not Available
